anomaly_id,depth_2020,depth_2022,growth_rate,risk_score,match_confidence
RUN_2022_0,40.0,50.0,4.996580027359781,49.989740082079344,HIGH
RUN_2022_1,30.0,32.0,0.9993160054719562,27.197948016415868,HIGH
RUN_2022_2,35.0,38.0,1.4989740082079344,32.296922024623804,HIGH
RUN_2022_3,25.0,26.0,0.4996580027359781,22.098974008207932,HIGH
