match_id,anomaly_2020,anomaly_2022,similarity_score,confidence,distance_similarity,clock_similarity,depth_similarity
RUN_2020_0_RUN_2022_0,RUN_2020_0,RUN_2022_0,0.9840960855238209,HIGH,0.9607894391523232,1.0,0.9877302165065928
RUN_2020_1_RUN_2022_1,RUN_2020_1,RUN_2022_1,0.9860974368600594,HIGH,0.9607894391523232,1.0,0.9989599585256669
RUN_2020_3_RUN_2022_2,RUN_2020_3,RUN_2022_2,0.9859329863232902,HIGH,0.9607894391523232,1.0,0.9983125531796716
RUN_2020_4_RUN_2022_3,RUN_2020_4,RUN_2022_3,0.9861888916201192,HIGH,0.9607894391523232,1.0,0.9996156064007394
